member_id,tenure_days,had_trial,initial_discord_join,opted_in_newsletter,lifetime_signal_count_at_signup,btc_price_vs_signup,days_since_last_event,events_total,events_7d,events_30d,events_90d,engagement_trend,active_days_30d,avg_session_sec,evt_stream_view_30d,evt_signal_view_30d,evt_signal_acted_30d,evt_discord_message_30d,evt_dashboard_login_30d,signals_total,days_since_last_signal,signals_90d,signal_cum_pnl_usd,signal_avg_pnl_pct,signal_win_rate,tickets_total,tickets_90d,days_since_last_ticket,open_tickets,has_trust_ticket,has_billing_ticket,no_events,no_signals,no_tickets,mkt_btc_close,mkt_btc_return_30d,mkt_btc_return_90d,mkt_realized_vol_30d,mkt_fear_greed,mkt_funding_rate,vol_x_trend,vol_x_events30,ret90_x_events30,churned,acquisition_channel_exchange_partnership,acquisition_channel_other,acquisition_channel_podcast,acquisition_channel_referral,acquisition_channel_twitter_paid,acquisition_channel_youtube_organic,region_APAC,region_EU,region_LATAM,region_MENA,region_NA,region_OTHER,plan_variant_monthly_basic,plan_variant_monthly_premium,plan_variant_quarterly_premium,payment_method_crypto_btc,payment_method_crypto_usdc,payment_method_paypal,payment_method_stripe_card,age_bracket_18-24,age_bracket_25-34,age_bracket_35-44,age_bracket_45-54,age_bracket_55+,signup_device_desktop,signup_device_mobile,signup_device_tablet
M10000,543,1,0,1,0,0.5041980024670725,0.21179398148148149,616.0,5.0,47.0,121.0,1.5483870967741935,24.0,357.9318181818182,14.0,12.0,8.0,10.0,3.0,32.0,4.903472222222222,10.0,1323.1499999999999,-5.937499999999953e-05,0.4375,2.0,0.0,357.88528935185184,0.0,1.0,1.0,0,0,0,27595.46,-0.4475798113254761,-0.6451951715461428,0.8319,25,0.000175,1.2881032258064515,39.0993,-30.324173062668713,0,0,0,0,0,1,0,1,0,0,0,0,0,0,1,0,0,0,0,1,0,0,1,0,0,1,0,0
M10005,536,0,1,1,0,0.41945748256892057,1.4675462962962964,1204.0,10.0,51.0,201.0,0.65,26.0,387.7920792079208,19.0,13.0,2.0,11.0,6.0,104.0,4.925,30.0,-22.10000000000001,-0.001551923076923076,0.5,13.0,1.0,15.040451388888888,0.0,1.0,1.0,0,0,0,27595.46,-0.4475798113254761,-0.6451951715461428,0.8319,25,0.000175,0.540735,42.426899999999996,-32.90495374885328,0,0,0,0,0,0,1,0,0,0,0,1,0,0,1,0,0,0,0,1,1,0,0,0,0,0,1,0
M10006,532,0,0,0,0,0.5451400709537546,1.3190972222222221,615.0,6.0,27.0,77.0,0.9333333333333333,18.0,408.9047619047619,7.0,5.0,1.0,7.0,7.0,39.0,27.792361111111113,6.0,6983.15,0.027156410256410253,0.5897435897435898,2.0,0.0,384.0139814814815,0.0,0.0,1.0,0,0,0,27595.46,-0.4475798113254761,-0.6451951715461428,0.8319,25,0.000175,0.77644,22.461299999999998,-17.420269631745857,0,0,0,0,1,0,0,1,0,0,0,0,0,1,0,0,0,0,1,0,0,1,0,0,0,1,0,0
M10010,525,0,1,1,0,0.5709837114561771,0.6593055555555556,573.0,6.0,31.0,105.0,0.8205128205128205,18.0,462.4347826086956,12.0,4.0,2.0,9.0,4.0,42.0,6.9,8.0,1865.85,0.014671428571428571,0.5476190476190477,8.0,1.0,83.8687037037037,0.0,1.0,1.0,0,0,0,27595.46,-0.4475798113254761,-0.6451951715461428,0.8319,25,0.000175,0.6825846153846153,25.788899999999998,-20.001050317930428,0,0,0,0,0,0,1,0,0,1,0,0,0,1,0,0,0,0,0,1,0,0,1,0,0,0,0,1
M10013,516,1,1,0,0,0.6078806103726526,3.732662037037037,210.0,1.0,11.0,42.0,0.9230769230769231,11.0,392.3809523809524,1.0,3.0,1.0,0.0,6.0,10.0,6.795833333333333,3.0,-43.30000000000001,0.018560000000000004,0.6,2.0,0.0,171.5111574074074,0.0,1.0,1.0,0,0,0,27595.46,-0.4475798113254761,-0.6451951715461428,0.8319,25,0.000175,0.7679076923076923,9.1509,-7.097146887007571,1,0,0,0,0,0,1,0,0,0,1,0,0,0,1,0,0,0,0,1,0,1,0,0,0,1,0,0
M10014,515,0,0,1,0,0.6020130631987826,1.6944907407407408,580.0,6.0,30.0,95.0,1.0,18.0,459.2391304347826,12.0,5.0,2.0,6.0,5.0,46.0,7.811111111111111,9.0,-284.6500000000001,0.02707391304347826,0.5652173913043478,2.0,0.0,121.1134375,0.0,0.0,0.0,0,0,0,27595.46,-0.4475798113254761,-0.6451951715461428,0.8319,25,0.000175,0.8319,24.957,-19.355855146384286,0,0,0,0,0,1,0,0,1,0,0,0,0,0,1,0,0,0,0,1,0,0,1,0,0,0,1,0
M10016,510,1,1,1,0,0.7047651701184574,0.4459722222222222,209.0,3.0,15.0,40.0,1.2307692307692308,13.0,400.8666666666667,4.0,1.0,0.0,9.0,1.0,6.0,106.99652777777777,0.0,-323.55,-0.0263,0.16666666666666666,2.0,0.0,260.69427083333335,0.0,0.0,0.0,0,0,0,27595.46,-0.4475798113254761,-0.6451951715461428,0.8319,25,0.000175,1.0238769230769231,12.4785,-9.677927573192143,0,0,0,0,0,0,1,0,1,0,0,0,0,0,0,1,0,1,0,0,0,1,0,0,0,0,1,0
M10019,507,0,1,1,0,0.7022864975368304,0.23439814814814816,610.0,9.0,40.0,118.0,1.025,22.0,361.1372549019608,13.0,9.0,2.0,10.0,6.0,39.0,6.8125,14.0,1470.6999999999998,0.007825641025641025,0.5641025641025641,3.0,1.0,82.40627314814814,0.0,1.0,1.0,0,0,0,27595.46,-0.4475798113254761,-0.6451951715461428,0.8319,25,0.000175,0.8526974999999999,33.275999999999996,-25.807806861845712,1,0,0,1,0,0,0,0,0,0,0,0,1,1,0,0,0,0,1,0,1,0,0,0,0,0,1,0
M10020,504,0,1,0,0,0.6923998743983633,0.24734953703703705,1195.0,19.0,67.0,233.0,0.8192771084337349,27.0,363.41284403669727,22.0,18.0,6.0,12.0,9.0,113.0,6.76875,26.0,565.45,0.01107787610619469,0.5575221238938053,7.0,1.0,57.72302083333334,0.0,0.0,1.0,0,0,0,27595.46,-0.4475798113254761,-0.6451951715461428,0.8319,25,0.000175,0.681556626506024,55.7373,-43.228076493591566,0,0,0,0,0,0,1,0,0,0,0,1,0,1,0,0,0,0,0,1,0,1,0,0,0,0,1,0
M10021,497,0,1,1,0,0.7641888734248348,9.862951388888888,40.0,0.0,4.0,7.0,1.6666666666666667,4.0,175.5,0.0,2.0,0.0,0.0,2.0,2.0,347.8638888888889,0.0,-111.9,-0.0361,0.0,0.0,0.0,3650.0,0.0,0.0,0.0,0,0,1,27595.46,-0.4475798113254761,-0.6451951715461428,0.8319,25,0.000175,1.3865,3.3276,-2.5807806861845712,0,0,0,0,0,1,0,0,1,0,0,0,0,1,0,0,0,0,0,1,0,0,1,0,0,0,1,0
M10025,492,0,1,1,0,0.6669179536061489,0.028229166666666666,581.0,12.0,34.0,109.0,0.875,22.0,316.4807692307692,8.0,11.0,1.0,9.0,5.0,44.0,4.985416666666667,7.0,1190.1,0.017156818181818183,0.5681818181818182,2.0,1.0,57.8837037037037,0.0,1.0,0.0,0,0,0,27595.46,-0.4475798113254761,-0.6451951715461428,0.8319,25,0.000175,0.7279125,28.284599999999998,-21.936635832568854,0,0,0,0,0,0,1,0,0,0,0,1,0,0,1,0,0,0,0,1,0,0,1,0,0,1,0,0
M10026,491,0,0,0,0,0.6957121534355801,0.09793981481481481,571.0,12.0,43.0,115.0,1.1282051282051282,25.0,452.93220338983053,16.0,8.0,3.0,9.0,7.0,34.0,17.89097222222222,4.0,-642.35,-0.009029411764705881,0.5294117647058824,3.0,1.0,80.87731481481481,0.0,1.0,1.0,0,0,0,27595.46,-0.4475798113254761,-0.6451951715461428,0.8319,25,0.000175,0.9385538461538461,35.771699999999996,-27.74339237648414,1,0,0,0,1,0,0,0,1,0,0,0,0,0,0,1,0,0,0,1,1,0,0,0,0,1,0,0
M10028,489,1,0,1,0,0.6814104724017476,0.4331365740740741,1193.0,16.0,65.0,212.0,0.88,25.0,405.83838383838383,23.0,11.0,5.0,18.0,8.0,95.0,10.960416666666667,18.0,843.05,-0.003088421052631579,0.5578947368421052,6.0,1.0,53.09695601851852,0.0,1.0,1.0,0,0,0,27595.46,-0.4475798113254761,-0.6451951715461428,0.8319,25,0.000175,0.732072,54.073499999999996,-41.93768615049928,0,0,0,0,0,0,1,0,0,0,0,1,0,0,0,1,0,0,0,1,0,1,0,0,0,0,1,0
M10029,488,0,1,1,0,0.6349958525891692,0.5373263888888888,1213.0,15.0,66.0,224.0,0.7976190476190477,28.0,404.05607476635515,21.0,11.0,4.0,18.0,12.0,123.0,6.88125,26.0,2640.75,0.0066764227642276425,0.5040650406504065,8.0,1.0,48.44935185185185,0.0,1.0,1.0,0,0,0,27595.46,-0.4475798113254761,-0.6451951715461428,0.8319,25,0.000175,0.6635392857142858,54.9054,-42.582881322045424,0,0,0,0,0,0,1,0,1,0,0,0,0,1,0,0,0,0,0,1,0,1,0,0,0,0,1,0
M10030,487,1,0,0,0,0.6481464559320038,1.069074074074074,568.0,10.0,38.0,127.0,1.0263157894736843,21.0,397.61290322580646,13.0,11.0,2.0,9.0,3.0,41.0,17.931944444444444,9.0,222.34999999999997,-0.0006878048780487803,0.4878048780487805,3.0,0.0,283.9642013888889,0.0,0.0,0.0,0,0,0,27595.46,-0.4475798113254761,-0.6451951715461428,0.8319,25,0.000175,0.853792105263158,31.612199999999998,-24.51741651875343,0,0,0,0,0,0,1,0,1,0,0,0,0,0,0,1,0,0,0,1,0,1,0,0,0,0,1,0
M10033,479,1,1,1,0,0.5611576643954497,0.061921296296296294,580.0,12.0,38.0,100.0,1.0833333333333333,21.0,392.6981132075472,15.0,11.0,1.0,7.0,4.0,51.0,6.838888888888889,11.0,-94.55000000000007,0.007531372549019609,0.5490196078431373,3.0,0.0,138.55842592592592,0.0,1.0,0.0,0,0,0,27595.46,-0.4475798113254761,-0.6451951715461428,0.8319,25,0.000175,0.9012249999999999,31.612199999999998,-24.51741651875343,0,0,0,0,0,1,0,0,0,0,0,1,0,1,0,0,0,0,1,0,1,0,0,0,0,0,1,0
M10034,476,1,1,1,0,0.4964634810972617,0.43189814814814814,567.0,6.0,32.0,104.0,0.868421052631579,21.0,340.10869565217394,8.0,7.0,2.0,11.0,4.0,41.0,6.8069444444444445,10.0,333.0000000000001,0.00753170731707317,0.6097560975609756,1.0,0.0,256.0212384259259,0.0,0.0,0.0,0,0,0,27595.46,-0.4475798113254761,-0.6451951715461428,0.8319,25,0.000175,0.7224394736842106,26.6208,-20.64624548947657,0,0,0,1,0,0,0,0,0,0,1,0,0,1,0,0,0,0,0,1,0,0,1,0,0,0,1,0
M10037,473,1,0,1,0,0.5238777361833062,0.4872800925925926,1170.0,13.0,66.0,220.0,0.8271604938271605,26.0,425.21505376344084,20.0,12.0,8.0,15.0,11.0,95.0,4.9,21.0,-194.75,0.0007557894736842105,0.47368421052631576,14.0,1.0,28.648483796296297,0.0,1.0,1.0,0,0,0,27595.46,-0.4475798113254761,-0.6451951715461428,0.8319,25,0.000175,0.6881148148148148,54.9054,-42.582881322045424,0,0,0,0,0,1,0,0,0,0,0,1,0,0,1,0,0,0,0,1,0,1,0,0,0,0,1,0
M10040,466,0,0,1,0,0.5272529441813436,6.5865625,192.0,2.0,8.0,39.0,0.75,7.0,474.3529411764706,1.0,1.0,1.0,3.0,2.0,7.0,58.894444444444446,2.0,798.55,0.07311428571428571,0.7142857142857143,0.0,0.0,3650.0,0.0,0.0,0.0,0,0,1,27595.46,-0.4475798113254761,-0.6451951715461428,0.8319,25,0.000175,0.623925,6.6552,-5.1615613723691425,0,1,0,0,0,0,0,0,0,1,0,0,0,1,0,0,0,1,0,0,0,0,0,1,0,0,1,0
M10043,465,1,1,1,0,0.46717636394086726,1.2954282407407407,186.0,3.0,14.0,37.0,1.5,12.0,329.36842105263156,4.0,5.0,1.0,3.0,1.0,6.0,44.922916666666666,1.0,102.35,0.019783333333333333,0.5,2.0,0.0,169.05663194444443,0.0,0.0,0.0,0,0,0,27595.46,-0.4475798113254761,-0.6451951715461428,0.8319,25,0.000175,1.24785,11.6466,-9.032732401646,0,1,0,0,0,0,0,0,1,0,0,0,0,1,0,0,1,0,0,0,0,0,0,1,0,0,1,0
M10049,454,0,1,1,0,0.42588910544841263,2.294050925925926,184.0,1.0,15.0,36.0,1.4545454545454546,13.0,383.8125,5.0,4.0,0.0,3.0,3.0,10.0,31.97013888888889,1.0,1591.1,0.04908,0.8,1.0,0.0,181.2551388888889,0.0,0.0,0.0,0,0,0,27595.46,-0.4475798113254761,-0.6451951715461428,0.8319,25,0.000175,1.2100363636363636,12.4785,-9.677927573192143,1,0,0,0,0,0,1,0,1,0,0,0,0,1,0,0,0,0,0,1,0,1,0,0,0,1,0,0
M10050,453,1,0,1,0,0.4342113606148581,1.1807175925925926,191.0,4.0,12.0,34.0,1.3,9.0,354.25,5.0,3.0,0.0,2.0,2.0,6.0,27.856944444444444,2.0,75.5,0.018233333333333334,0.6666666666666666,1.0,0.0,210.56792824074074,0.0,1.0,0.0,0,0,0,27595.46,-0.4475798113254761,-0.6451951715461428,0.8319,25,0.000175,1.08147,9.9828,-7.742342058553714,0,0,0,0,1,0,0,0,0,1,0,0,0,1,0,0,0,0,0,1,0,1,0,0,0,0,0,1
M10057,443,1,1,1,0,0.5355764227981581,4.239340277777778,28.0,1.0,2.0,4.0,1.0,2.0,503.0,1.0,0.0,0.0,1.0,0.0,1.0,143.89791666666667,0.0,646.0,0.0646,1.0,0.0,0.0,3650.0,0.0,0.0,0.0,0,0,1,27595.46,-0.4475798113254761,-0.6451951715461428,0.8319,25,0.000175,0.8319,1.6638,-1.2903903430922856,0,0,0,0,0,0,1,0,0,0,1,0,0,0,0,1,0,0,1,0,0,1,0,0,0,1,0,0
M10058,443,0,1,1,0,0.5355764227981581,0.35452546296296295,501.0,6.0,28.0,99.0,0.8529411764705882,21.0,482.74,9.0,9.0,2.0,5.0,3.0,26.0,19.76597222222222,4.0,752.1,0.0018846153846153843,0.46153846153846156,2.0,2.0,24.08324074074074,0.0,1.0,0.0,0,0,0,27595.46,-0.4475798113254761,-0.6451951715461428,0.8319,25,0.000175,0.7095617647058823,23.2932,-18.065464803292,1,0,0,0,0,1,0,0,0,0,0,1,0,1,0,0,1,0,0,0,0,1,0,0,0,0,1,0
M10059,441,0,0,1,0,0.4405340040226744,0.09571759259259259,193.0,5.0,18.0,50.0,1.0555555555555556,13.0,398.0,5.0,4.0,3.0,5.0,1.0,9.0,17.89236111111111,1.0,582.1,-0.005244444444444445,0.4444444444444444,0.0,0.0,3650.0,0.0,0.0,0.0,0,0,1,27595.46,-0.4475798113254761,-0.6451951715461428,0.8319,25,0.000175,0.8781166666666667,14.9742,-11.61351308783057,0,1,0,0,0,0,0,0,0,1,0,0,0,0,1,0,0,0,0,1,0,1,0,0,0,1,0,0
M10062,438,0,1,1,0,0.4108079533579685,0.9607523148148148,1333.0,19.0,78.0,269.0,0.8681318681318682,28.0,397.48818897637796,28.0,17.0,4.0,15.0,14.0,69.0,6.76875,15.0,1077.65,0.009647826086956522,0.5942028985507246,6.0,0.0,174.12564814814814,0.0,1.0,1.0,0,0,0,27595.46,-0.4475798113254761,-0.6451951715461428,0.8319,25,0.000175,0.7221989010989011,64.8882,-50.32522338059914,1,0,0,1,0,0,0,0,1,0,0,0,0,0,0,1,0,1,0,0,1,0,0,0,0,0,1,0
M10066,428,1,1,0,0,0.3151379168028885,3.4127662037037036,175.0,3.0,10.0,37.0,1.1,8.0,433.27272727272725,1.0,3.0,0.0,5.0,1.0,4.0,97.94652777777777,0.0,-33.90000000000001,0.01795,0.75,0.0,0.0,3650.0,0.0,0.0,0.0,0,0,1,27595.46,-0.4475798113254761,-0.6451951715461428,0.8319,25,0.000175,0.9150900000000001,8.318999999999999,-6.451951715461428,0,1,0,0,0,0,0,0,1,0,0,0,0,0,1,0,0,0,0,1,0,1,0,0,0,0,1,0
M10070,415,1,1,1,0,0.31366166314077715,0.10422453703703703,469.0,6.0,30.0,102.0,1.0333333333333334,18.0,378.0943396226415,5.0,8.0,3.0,8.0,6.0,21.0,7.975694444444445,2.0,1459.3,0.025561904761904758,0.6666666666666666,3.0,0.0,189.77495370370372,0.0,0.0,1.0,0,0,0,27595.46,-0.4475798113254761,-0.6451951715461428,0.8319,25,0.000175,0.85963,24.957,-19.355855146384286,0,0,0,0,0,1,0,0,0,0,0,1,0,0,0,1,0,0,0,1,1,0,0,0,0,1,0,0
M10071,415,0,1,1,0,0.31366166314077715,0.09910879629629629,1169.0,23.0,91.0,273.0,1.0574712643678161,29.0,384.16,35.0,14.0,7.0,23.0,12.0,66.0,6.790277777777778,11.0,998.6499999999997,0.008112121212121211,0.5606060606060606,3.0,0.0,101.33083333333333,0.0,0.0,1.0,0,0,0,27595.46,-0.4475798113254761,-0.6451951715461428,0.8319,25,0.000175,0.8797103448275863,75.7029,-58.71276061069899,0,0,0,0,0,1,0,1,0,0,0,0,0,0,1,0,0,0,0,1,0,0,1,0,0,0,1,0
M10073,414,1,0,1,0,0.29317792650729224,1.3782175925925926,444.0,8.0,23.0,91.0,0.631578947368421,18.0,433.44444444444446,6.0,3.0,2.0,10.0,2.0,25.0,6.799305555555556,9.0,-1675.7,-0.00988,0.48,4.0,0.0,137.98280092592591,0.0,0.0,1.0,0,0,0,27595.46,-0.4475798113254761,-0.6451951715461428,0.8319,25,0.000175,0.5254105263157894,19.1337,-14.839488945561286,0,0,1,0,0,0,0,0,0,0,0,1,0,0,0,1,0,0,0,1,1,0,0,0,0,1,0,0
M10074,413,1,0,1,0,0.31820492096156894,3.247013888888889,180.0,2.0,11.0,40.0,0.8,8.0,446.7826086956522,6.0,2.0,0.0,3.0,0.0,3.0,261.83819444444447,0.0,224.60000000000002,0.034666666666666665,0.6666666666666666,1.0,1.0,1.389548611111111,1.0,0.0,0.0,0,0,0,27595.46,-0.4475798113254761,-0.6451951715461428,0.8319,25,0.000175,0.66552,9.1509,-7.097146887007571,0,0,1,0,0,0,0,0,0,0,0,1,0,1,0,0,1,0,0,0,0,1,0,0,0,0,1,0
M10077,409,0,1,0,0,0.2587613483916906,0.9431018518518518,456.0,9.0,33.0,99.0,0.9444444444444444,20.0,357.95,9.0,6.0,5.0,8.0,5.0,16.0,6.997916666666667,5.0,1149.75,0.0020499999999999997,0.5,3.0,1.0,45.96983796296296,0.0,1.0,1.0,0,0,0,27595.46,-0.4475798113254761,-0.6451951715461428,0.8319,25,0.000175,0.7856833333333333,27.4527,-21.291440661022712,1,0,0,0,0,1,0,0,0,0,0,1,0,1,0,0,0,0,0,1,0,0,0,1,0,1,0,0
M10079,404,1,1,1,0,0.27109911045273316,0.0747337962962963,473.0,6.0,33.0,102.0,1.0,20.0,374.86538461538464,17.0,8.0,1.0,5.0,2.0,28.0,17.827083333333334,6.0,-2741.2000000000003,-0.012953571428571429,0.39285714285714285,3.0,2.0,51.390474537037036,0.0,1.0,1.0,0,0,0,27595.46,-0.4475798113254761,-0.6451951715461428,0.8319,25,0.000175,0.8319,27.4527,-21.291440661022712,0,0,0,0,0,0,1,0,0,0,0,0,1,0,0,1,0,0,0,1,1,0,0,0,0,0,1,0
M10082,401,1,0,0,0,0.26296225272645635,1.3997569444444444,156.0,2.0,12.0,34.0,0.9285714285714286,10.0,337.8095238095238,4.0,1.0,0.0,4.0,3.0,6.0,109.88958333333333,0.0,-1.1999999999999886,-0.01261666666666667,0.6666666666666666,2.0,1.0,61.33744212962963,0.0,0.0,1.0,0,0,0,27595.46,-0.4475798113254761,-0.6451951715461428,0.8319,25,0.000175,0.7724785714285715,9.9828,-7.742342058553714,1,1,0,0,0,0,0,0,1,0,0,0,0,1,0,0,0,0,0,1,0,0,1,0,0,0,1,0
M10085,396,1,0,1,0,0.23595537825337032,1.0772453703703704,495.0,11.0,39.0,115.0,1.0810810810810811,23.0,431.76363636363635,13.0,9.0,1.0,6.0,10.0,30.0,13.817361111111111,8.0,-2370.5,-0.01163,0.4,3.0,0.0,207.27972222222223,0.0,1.0,0.0,0,0,0,27595.46,-0.4475798113254761,-0.6451951715461428,0.8319,25,0.000175,0.8993513513513514,32.4441,-25.16261169029957,0,0,0,0,0,0,1,0,0,0,0,0,1,1,0,0,0,0,1,0,0,1,0,0,0,0,1,0
M10088,394,1,1,0,0,0.24007429087312437,0.1651388888888889,1158.0,25.0,88.0,279.0,0.956989247311828,29.0,381.3170731707317,30.0,15.0,2.0,31.0,10.0,64.0,7.775,16.0,2068.75,0.014731249999999998,0.5,4.0,1.0,41.41256944444444,0.0,0.0,1.0,0,0,0,27595.46,-0.4475798113254761,-0.6451951715461428,0.8319,25,0.000175,0.7961193548387097,73.2072,-56.77717509606057,0,0,0,0,0,0,1,0,0,0,0,1,0,0,0,1,0,0,0,1,0,0,1,0,0,0,1,0
M10089,393,1,1,1,0,0.22618586348350944,0.26256944444444447,447.0,7.0,34.0,98.0,0.9459459459459459,21.0,387.8095238095238,10.0,5.0,6.0,8.0,5.0,16.0,4.958333333333333,3.0,-1266.0,0.0069437499999999985,0.5,0.0,0.0,3650.0,0.0,0.0,0.0,0,0,1,27595.46,-0.4475798113254761,-0.6451951715461428,0.8319,25,0.000175,0.7869324324324324,28.284599999999998,-21.936635832568854,0,0,0,0,1,0,0,1,0,0,0,0,0,0,1,0,0,0,0,1,0,0,0,1,0,1,0,0
M10090,391,0,1,0,0,0.18348137146886057,0.5761574074074074,159.0,2.0,12.0,31.0,1.1818181818181819,12.0,221.0,1.0,3.0,2.0,4.0,2.0,6.0,136.75555555555556,0.0,1896.9,0.07604999999999999,1.0,3.0,1.0,54.38275462962963,0.0,0.0,1.0,0,0,0,27595.46,-0.4475798113254761,-0.6451951715461428,0.8319,25,0.000175,0.9831545454545455,9.9828,-7.742342058553714,0,0,0,0,0,0,1,0,1,0,0,0,0,0,1,0,0,0,0,1,0,1,0,0,0,0,1,0
M10091,387,0,1,1,0,0.19629382688861274,1.5297106481481482,156.0,3.0,12.0,41.0,0.7222222222222222,12.0,362.22222222222223,4.0,2.0,2.0,1.0,3.0,3.0,6.9222222222222225,2.0,20.55,0.013699999999999999,0.6666666666666666,0.0,0.0,3650.0,0.0,0.0,0.0,0,0,1,27595.46,-0.4475798113254761,-0.6451951715461428,0.8319,25,0.000175,0.6008166666666667,9.9828,-7.742342058553714,0,0,0,0,0,0,1,0,1,0,0,0,0,0,1,0,1,0,0,0,1,0,0,0,0,1,0,0
M10092,385,0,1,1,0,0.13133008500720522,1.597210648148148,160.0,5.0,24.0,43.0,2.0833333333333335,17.0,331.15384615384613,4.0,9.0,2.0,7.0,2.0,3.0,73.86597222222223,1.0,182.25,0.01643333333333333,0.6666666666666666,0.0,0.0,3650.0,0.0,0.0,0.0,0,0,1,27595.46,-0.4475798113254761,-0.6451951715461428,0.8319,25,0.000175,1.733125,19.9656,-15.484684117107427,0,1,0,0,0,0,0,0,1,0,0,0,0,0,1,0,0,0,0,1,0,0,1,0,0,0,1,0
M10094,380,1,1,1,0,0.024021332834597287,0.11216435185185185,1152.0,18.0,89.0,253.0,1.2328767123287672,29.0,393.3119266055046,34.0,17.0,6.0,23.0,9.0,54.0,6.8909722222222225,11.0,-1948.35,-0.01152037037037037,0.4074074074074074,1.0,0.0,186.6438773148148,0.0,0.0,0.0,0,0,0,27595.46,-0.4475798113254761,-0.6451951715461428,0.8319,25,0.000175,1.0256301369863015,74.03909999999999,-57.42237026760671,0,1,0,0,0,0,0,0,0,0,0,1,0,0,1,0,0,0,0,1,0,0,0,1,0,1,0,0
M10099,371,1,0,1,0,0.021928414728263013,0.14483796296296297,425.0,12.0,32.0,100.0,1.1379310344827587,19.0,400.1875,10.0,5.0,2.0,13.0,2.0,28.0,6.961111111111111,8.0,-93.74999999999997,-0.027092857142857144,0.39285714285714285,3.0,0.0,164.1825,0.0,0.0,1.0,0,0,0,27595.46,-0.4475798113254761,-0.6451951715461428,0.8319,25,0.000175,0.9466448275862069,26.6208,-20.64624548947657,0,0,0,0,1,0,0,0,1,0,0,0,0,0,1,0,0,1,0,0,0,1,0,0,0,1,0,0
M10101,369,1,1,0,0,-0.015119334710727572,1.4966319444444445,458.0,8.0,39.0,111.0,1.2903225806451613,22.0,438.4117647058824,17.0,11.0,1.0,4.0,6.0,31.0,6.853472222222222,11.0,3266.9,0.01654838709677419,0.5806451612903226,2.0,1.0,5.5065277777777775,1.0,1.0,1.0,0,0,0,27595.46,-0.4475798113254761,-0.6451951715461428,0.8319,25,0.000175,1.0734193548387096,32.4441,-25.16261169029957,0,0,0,0,0,0,1,0,0,0,0,1,0,1,0,0,0,0,1,0,0,0,0,1,0,0,1,0
M10103,365,0,0,0,0,-0.061617656460193126,0.010613425925925925,429.0,11.0,39.0,110.0,0.975609756097561,23.0,445.53333333333336,9.0,10.0,4.0,7.0,9.0,30.0,17.992361111111112,8.0,-1394.1,-0.002903333333333333,0.43333333333333335,5.0,0.0,90.84201388888889,0.0,0.0,1.0,0,0,0,27595.46,-0.4475798113254761,-0.6451951715461428,0.8319,25,0.000175,0.8116097560975609,32.4441,-25.16261169029957,0,0,0,0,0,0,1,0,0,0,1,0,0,0,0,1,0,0,1,0,0,1,0,0,0,1,0,0
M10106,353,0,1,0,0,-0.07100757051404627,0.9364583333333333,407.0,8.0,31.0,106.0,0.8648648648648649,19.0,452.2,6.0,9.0,3.0,9.0,4.0,24.0,6.9743055555555555,4.0,1426.9,0.017245833333333335,0.5416666666666666,3.0,1.0,42.82630787037037,0.0,0.0,1.0,0,0,0,27595.46,-0.4475798113254761,-0.6451951715461428,0.8319,25,0.000175,0.7194810810810811,25.788899999999998,-20.001050317930428,0,0,0,1,0,0,0,0,0,1,0,0,0,1,0,0,0,0,0,1,0,1,0,0,0,1,0,0
M10108,347,0,1,0,0,-0.06776157390438053,0.027824074074074074,389.0,11.0,43.0,109.0,1.3333333333333333,24.0,392.8888888888889,13.0,7.0,2.0,15.0,6.0,23.0,6.995833333333334,11.0,-408.8,0.011586956521739132,0.4782608695652174,1.0,0.0,192.69761574074073,0.0,0.0,0.0,0,0,0,27595.46,-0.4475798113254761,-0.6451951715461428,0.8319,25,0.000175,1.1092,35.771699999999996,-27.74339237648414,0,0,0,0,0,0,1,1,0,0,0,0,0,1,0,0,0,0,0,1,0,0,1,0,0,1,0,0
M10109,346,0,0,0,0,-0.08426268861567843,2.283865740740741,134.0,1.0,13.0,37.0,1.1666666666666667,9.0,385.64285714285717,3.0,3.0,1.0,4.0,2.0,1.0,334.7625,0.0,20.7,0.0414,1.0,2.0,0.0,198.87979166666668,0.0,0.0,0.0,0,0,0,27595.46,-0.4475798113254761,-0.6451951715461428,0.8319,25,0.000175,0.97055,10.8147,-8.387537230099856,0,0,0,1,0,0,0,1,0,0,0,0,0,1,0,0,0,1,0,0,0,1,0,0,0,0,1,0
M10110,346,1,1,0,0,-0.08426268861567843,10.81144675925926,132.0,0.0,9.0,32.0,0.7692307692307693,8.0,232.3,1.0,1.0,3.0,4.0,0.0,2.0,39.81875,1.0,-1075.25,-0.06865,0.0,2.0,0.0,95.91912037037036,0.0,1.0,0.0,0,0,0,27595.46,-0.4475798113254761,-0.6451951715461428,0.8319,25,0.000175,0.6399230769230769,7.4871,-5.806756543915285,0,0,0,0,0,0,1,1,0,0,0,0,0,0,1,0,0,0,0,1,1,0,0,0,0,0,1,0
M10111,345,0,1,1,0,-0.1118628619392189,3.1181828703703705,152.0,1.0,9.0,33.0,1.0,8.0,420.72727272727275,2.0,4.0,1.0,2.0,0.0,3.0,13.9125,3.0,-262.0,-0.058600000000000006,0.0,0.0,0.0,3650.0,0.0,0.0,0.0,0,0,1,27595.46,-0.4475798113254761,-0.6451951715461428,0.8319,25,0.000175,0.8319,7.4871,-5.806756543915285,0,0,0,0,0,0,1,1,0,0,0,0,0,0,1,0,0,1,0,0,0,1,0,0,0,1,0,0
M10113,343,0,0,0,0,-0.11095553853063167,0.7005324074074074,439.0,14.0,46.0,121.0,1.6206896551724137,23.0,386.1475409836066,15.0,9.0,3.0,12.0,7.0,18.0,22.990972222222222,6.0,1789.2,-0.0030222222222222248,0.5,2.0,0.0,165.6009837962963,0.0,1.0,1.0,0,0,0,27595.46,-0.4475798113254761,-0.6451951715461428,0.8319,25,0.000175,1.3482517241379308,38.2674,-29.67897789112257,0,0,0,0,0,0,1,0,1,0,0,0,0,1,0,0,0,0,0,1,0,0,0,1,0,1,0,0
M10116,334,0,1,0,0,-0.2891397459183854,0.28150462962962963,391.0,9.0,34.0,106.0,0.9210526315789473,20.0,400.9512195121951,7.0,8.0,6.0,7.0,6.0,20.0,39.92986111111111,4.0,1451.6,0.02769,0.65,1.0,0.0,306.50917824074077,0.0,1.0,0.0,0,0,0,27595.46,-0.4475798113254761,-0.6451951715461428,0.8319,25,0.000175,0.7662236842105262,28.284599999999998,-21.936635832568854,0,1,0,0,0,0,0,1,0,0,0,0,0,0,0,1,0,0,0,1,0,1,0,0,0,0,1,0
M10117,332,0,1,1,0,-0.30239643496266577,2.3884606481481483,371.0,3.0,29.0,97.0,0.8108108108108109,18.0,353.97727272727275,9.0,9.0,2.0,4.0,5.0,29.0,7.759027777777778,7.0,-1657.5,-0.006489655172413794,0.41379310344827586,3.0,0.0,101.64866898148148,0.0,1.0,1.0,0,0,0,27595.46,-0.4475798113254761,-0.6451951715461428,0.8319,25,0.000175,0.6745135135135135,24.1251,-18.71065997483814,0,0,0,1,0,0,0,0,1,0,0,0,0,0,0,1,0,1,0,0,0,0,1,0,0,0,1,0
M10120,317,0,1,1,0,-0.2872922412096538,0.004814814814814815,995.0,22.0,94.0,290.0,0.9047619047619048,28.0,389.1159420289855,28.0,24.0,2.0,24.0,16.0,36.0,13.85138888888889,13.0,1944.3000000000002,0.01564166666666667,0.5277777777777778,6.0,2.0,86.56351851851852,0.0,0.0,1.0,0,0,0,27595.46,-0.4475798113254761,-0.6451951715461428,0.8319,25,0.000175,0.7526714285714285,78.1986,-60.648346125337426,0,0,0,0,0,0,1,0,0,0,0,1,0,0,0,1,0,0,0,1,0,0,0,1,0,0,1,0
M10123,311,1,1,0,0,-0.3083775275942616,0.03119212962962963,953.0,22.0,96.0,277.0,0.97,27.0,444.26724137931035,32.0,22.0,9.0,19.0,14.0,48.0,13.979861111111111,14.0,241.0,-0.0006374999999999992,0.5208333333333334,2.0,0.0,236.1724074074074,0.0,1.0,0.0,0,0,0,27595.46,-0.4475798113254761,-0.6451951715461428,0.8319,25,0.000175,0.806943,79.8624,-61.93873646842971,0,0,0,0,0,0,1,0,0,0,1,0,0,0,1,0,0,0,0,1,0,1,0,0,0,0,1,0
M10129,305,0,1,0,0,-0.32388378982361,0.34814814814814815,365.0,8.0,35.0,93.0,1.2857142857142858,21.0,350.3333333333333,8.0,9.0,1.0,9.0,8.0,15.0,19.995833333333334,4.0,-99.95,0.00934,0.6,1.0,0.0,283.1612037037037,0.0,0.0,0.0,0,0,0,27595.46,-0.4475798113254761,-0.6451951715461428,0.8319,25,0.000175,1.0695857142857144,29.1165,-22.581831004115,0,0,0,0,1,0,0,0,1,0,0,0,0,0,1,0,0,0,0,1,0,0,1,0,0,1,0,0
M10131,302,0,1,0,0,-0.32022079707863627,12.765891203703704,23.0,0.0,1.0,9.0,0.4,1.0,448.25,1.0,0.0,0.0,0.0,0.0,1.0,59.897222222222226,1.0,-123.1,-0.1231,0.0,0.0,0.0,3650.0,0.0,0.0,0.0,0,0,1,27595.46,-0.4475798113254761,-0.6451951715461428,0.8319,25,0.000175,0.33276,0.8319,-0.6451951715461428,0,0,0,1,0,0,0,0,0,1,0,0,0,1,0,0,0,0,0,1,1,0,0,0,0,1,0,0
M10132,298,1,0,1,0,-0.34734856941758785,1.708900462962963,122.0,6.0,15.0,36.0,1.0666666666666667,11.0,426.57142857142856,4.0,3.0,3.0,4.0,1.0,6.0,56.91875,1.0,77.10000000000002,-0.03068333333333333,0.3333333333333333,0.0,0.0,3650.0,0.0,0.0,0.0,0,0,1,27595.46,-0.4475798113254761,-0.6451951715461428,0.8319,25,0.000175,0.8873599999999999,12.4785,-9.677927573192143,0,0,0,0,0,1,0,0,1,0,0,0,0,1,0,0,0,0,0,1,0,1,0,0,0,0,1,0
M10134,296,1,1,1,0,-0.3464878243202888,2.7268171296296297,133.0,3.0,12.0,39.0,1.1818181818181819,10.0,402.8888888888889,5.0,2.0,1.0,2.0,2.0,3.0,17.766666666666666,2.0,-250.4,-0.028733333333333333,0.3333333333333333,0.0,0.0,3650.0,0.0,0.0,0.0,0,0,1,27595.46,-0.4475798113254761,-0.6451951715461428,0.8319,25,0.000175,0.9831545454545455,9.9828,-7.742342058553714,0,0,0,0,0,0,1,0,1,0,0,0,0,0,0,1,1,0,0,0,0,1,0,0,0,1,0,0
M10137,293,0,1,0,0,-0.3785380178857358,3.617303240740741,121.0,2.0,14.0,38.0,1.0,10.0,416.5,3.0,2.0,3.0,4.0,2.0,4.0,24.841666666666665,2.0,-993.15,-0.028874999999999998,0.5,0.0,0.0,3650.0,0.0,0.0,0.0,0,0,1,27595.46,-0.4475798113254761,-0.6451951715461428,0.8319,25,0.000175,0.8319,11.6466,-9.032732401646,0,0,0,0,0,0,1,0,0,0,0,1,0,1,0,0,0,1,0,0,0,0,0,0,1,0,1,0
M10143,281,0,0,1,0,-0.34425003962474476,1.9533680555555555,299.0,7.0,28.0,92.0,0.7435897435897436,18.0,424.04347826086956,9.0,3.0,2.0,6.0,8.0,16.0,17.792361111111113,5.0,-32.599999999999966,0.00029375000000000234,0.5,1.0,0.0,268.26440972222224,0.0,0.0,0.0,0,0,0,27595.46,-0.4475798113254761,-0.6451951715461428,0.8319,25,0.000175,0.6185923076923077,23.2932,-18.065464803292,0,1,0,0,0,0,0,0,1,0,0,0,0,1,0,0,0,0,0,1,1,0,0,0,0,1,0,0
M10145,276,0,1,1,0,-0.3275037486867717,0.08082175925925926,291.0,10.0,34.0,104.0,0.8974358974358975,23.0,447.1818181818182,8.0,8.0,4.0,10.0,4.0,20.0,13.753472222222221,10.0,-1725.8,-0.03004,0.45,4.0,2.0,32.994375,0.0,1.0,1.0,0,0,0,27595.46,-0.4475798113254761,-0.6451951715461428,0.8319,25,0.000175,0.746576923076923,28.284599999999998,-21.936635832568854,0,0,0,0,0,0,1,0,0,0,0,1,0,0,1,0,0,0,0,1,0,0,0,0,1,0,1,0
M10147,271,1,1,0,0,-0.3541363722003583,0.24800925925925926,909.0,27.0,114.0,336.0,0.9913793103448276,29.0,415.61046511627904,42.0,21.0,9.0,23.0,19.0,31.0,17.79652777777778,15.0,-434.2,-0.014787096774193549,0.45161290322580644,3.0,1.0,34.83142361111111,0.0,0.0,1.0,0,0,0,27595.46,-0.4475798113254761,-0.6451951715461428,0.8319,25,0.000175,0.8247284482758621,94.83659999999999,-73.55224955626028,0,0,0,0,1,0,0,1,0,0,0,0,0,1,0,0,1,0,0,0,0,0,1,0,0,0,1,0
M10149,266,1,1,0,0,-0.3644978661117544,0.13215277777777779,107.0,6.0,11.0,30.0,1.2,9.0,281.45454545454544,4.0,2.0,2.0,3.0,0.0,3.0,51.947916666666664,1.0,385.55,0.04743333333333333,0.6666666666666666,1.0,1.0,82.84150462962963,0.0,0.0,1.0,0,0,0,27595.46,-0.4475798113254761,-0.6451951715461428,0.8319,25,0.000175,0.99828,9.1509,-7.097146887007571,1,0,0,0,1,0,0,0,0,0,1,0,0,1,0,0,0,0,0,1,0,0,1,0,0,0,1,0
M10154,253,0,1,0,0,-0.40198478364324,0.16828703703703704,320.0,11.0,37.0,122.0,0.7450980392156863,20.0,417.0377358490566,11.0,7.0,2.0,10.0,7.0,6.0,88.98194444444445,1.0,101.79999999999995,-0.008266666666666665,0.5,1.0,0.0,129.07916666666668,0.0,0.0,0.0,0,0,0,27595.46,-0.4475798113254761,-0.6451951715461428,0.8319,25,0.000175,0.6198470588235294,30.7803,-23.872221347207283,0,0,0,0,0,1,0,0,0,0,0,1,0,1,0,0,0,0,1,0,1,0,0,0,0,0,1,0
M10155,249,1,0,0,0,-0.43022705058062394,0.5107175925925926,765.0,18.0,75.0,252.0,0.9382716049382716,26.0,423.21008403361344,22.0,20.0,8.0,13.0,12.0,21.0,13.957638888888889,7.0,-1598.75,-0.004995238095238098,0.42857142857142855,6.0,0.0,152.4100462962963,0.0,1.0,0.0,0,0,0,27595.46,-0.4475798113254761,-0.6451951715461428,0.8319,25,0.000175,0.7805481481481481,62.3925,-48.38963786596071,0,0,0,1,0,0,0,0,1,0,0,0,0,1,0,0,0,0,1,0,0,1,0,0,0,1,0,0
M10157,242,1,1,0,144,-0.45503313291973546,1.3161805555555555,296.0,2.0,41.0,116.0,1.3125,20.0,362.9818181818182,13.0,9.0,4.0,7.0,8.0,11.0,31.852777777777778,3.0,-280.90000000000003,-0.013654545454545454,0.36363636363636365,0.0,0.0,3650.0,0.0,0.0,0.0,0,0,1,27595.46,-0.4475798113254761,-0.6451951715461428,0.8319,25,0.000175,1.09186875,34.1079,-26.453002033391854,0,0,0,0,0,0,1,0,1,0,0,0,0,0,0,1,0,0,0,1,0,0,1,0,0,0,1,0
M10158,237,0,1,0,30,-0.4761330818105314,0.055324074074074074,102.0,4.0,15.0,35.0,1.6,11.0,291.7142857142857,3.0,6.0,1.0,4.0,1.0,2.0,86.9888888888889,1.0,-949.0,-0.038,0.5,1.0,0.0,168.47891203703705,0.0,0.0,1.0,0,0,0,27595.46,-0.4475798113254761,-0.6451951715461428,0.8319,25,0.000175,1.33104,12.4785,-9.677927573192143,0,0,0,1,0,0,0,0,0,0,0,1,0,1,0,0,0,0,0,1,0,1,0,0,0,1,0,0
M10159,234,0,1,0,18,-0.5161039397373135,0.3014351851851852,721.0,23.0,70.0,265.0,0.8160919540229885,30.0,431.41322314049586,20.0,14.0,5.0,21.0,10.0,22.0,10.891666666666667,12.0,1607.1,0.016936363636363635,0.7272727272727273,5.0,2.0,33.54216435185185,0.0,1.0,0.0,0,0,0,27595.46,-0.4475798113254761,-0.6451951715461428,0.8319,25,0.000175,0.6789068965517241,58.233,-45.16366200823,0,0,0,0,0,1,0,0,1,0,0,0,0,1,0,0,0,0,1,0,0,0,1,0,0,1,0,0
M10160,226,1,1,0,206,-0.5601552397396902,3.5127314814814814,80.0,1.0,7.0,27.0,0.6666666666666666,5.0,512.25,3.0,0.0,1.0,3.0,0.0,1.0,125.87291666666667,0.0,32.6,0.0652,1.0,1.0,0.0,123.00246527777777,0.0,0.0,1.0,0,0,0,27595.46,-0.4475798113254761,-0.6451951715461428,0.8319,25,0.000175,0.5546,5.8233,-4.516366200823,1,1,0,0,0,0,0,0,0,0,0,1,0,1,0,0,1,0,0,0,0,1,0,0,0,0,1,0
M10163,218,0,1,0,54,-0.5959843017006297,0.4813425925925926,104.0,3.0,18.0,43.0,1.4615384615384615,13.0,399.22222222222223,3.0,5.0,1.0,5.0,4.0,4.0,18.95,1.0,194.75,0.005124999999999994,0.5,0.0,0.0,3650.0,0.0,0.0,0.0,0,0,1,27595.46,-0.4475798113254761,-0.6451951715461428,0.8319,25,0.000175,1.215853846153846,14.9742,-11.61351308783057,0,0,0,0,1,0,0,0,0,0,1,0,0,1,0,0,0,0,0,1,0,0,0,1,0,0,1,0
M10164,218,1,1,1,65,-0.5959843017006297,4.839872685185185,89.0,2.0,13.0,40.0,1.1666666666666667,11.0,501.5,7.0,1.0,1.0,2.0,2.0,3.0,10.777777777777779,2.0,87.19999999999999,0.03743333333333334,1.0,0.0,0.0,3650.0,0.0,0.0,0.0,0,0,1,27595.46,-0.4475798113254761,-0.6451951715461428,0.8319,25,0.000175,0.97055,10.8147,-8.387537230099856,0,0,0,0,0,0,1,1,0,0,0,0,0,1,0,0,0,0,0,1,0,1,0,0,0,0,1,0
M10165,217,1,1,1,78,-0.5974711779872699,34.25491898148148,14.0,0.0,0.0,6.0,0.3333333333333333,0.0,223.5,0.0,0.0,0.0,0.0,0.0,0.0,3650.0,0.0,0.0,0.0,0.0,0.0,0.0,3650.0,0.0,0.0,0.0,0,1,1,27595.46,-0.4475798113254761,-0.6451951715461428,0.8319,25,0.000175,0.2773,0.0,-0.0,0,1,0,0,0,0,0,0,1,0,0,0,0,1,0,0,0,0,1,0,0,0,1,0,0,0,1,0
M10167,216,0,0,1,42,-0.5899127499863281,1.1281018518518517,253.0,9.0,37.0,119.0,0.7307692307692307,22.0,331.0181818181818,14.0,10.0,6.0,2.0,5.0,10.0,64.90486111111112,3.0,-320.6,-0.0023899999999999976,0.5,1.0,0.0,187.02140046296296,0.0,0.0,1.0,0,0,0,27595.46,-0.4475798113254761,-0.6451951715461428,0.8319,25,0.000175,0.607926923076923,30.7803,-23.872221347207283,0,0,0,0,1,0,0,0,0,0,0,1,0,0,1,0,0,0,0,1,0,1,0,0,0,0,1,0
M10174,208,1,1,1,36,-0.5917244917872079,0.2813888888888889,660.0,18.0,96.0,293.0,1.127906976744186,30.0,364.1212121212121,31.0,30.0,6.0,19.0,10.0,24.0,17.850694444444443,8.0,-1594.15,-0.015008333333333332,0.4583333333333333,0.0,0.0,3650.0,0.0,0.0,0.0,0,0,1,27595.46,-0.4475798113254761,-0.6451951715461428,0.8319,25,0.000175,0.9383058139534883,79.8624,-61.93873646842971,0,1,0,0,0,0,0,0,0,0,0,1,0,0,1,0,0,0,0,1,0,0,1,0,0,1,0,0
M10175,207,0,0,1,184,-0.5848515073422665,4.964826388888889,11.0,1.0,3.0,5.0,4.0,3.0,270.3333333333333,1.0,0.0,0.0,1.0,1.0,0.0,3650.0,0.0,0.0,0.0,0.0,0.0,0.0,3650.0,0.0,0.0,0.0,0,1,1,27595.46,-0.4475798113254761,-0.6451951715461428,0.8319,25,0.000175,3.3276,2.4957,-1.9355855146384284,0,1,0,0,0,0,0,1,0,0,0,0,0,1,0,0,0,1,0,0,0,0,1,0,0,0,1,0
M10177,196,1,0,0,171,-0.578709224442488,0.7936921296296297,68.0,3.0,8.0,30.0,0.6,7.0,366.5625,4.0,1.0,1.0,1.0,1.0,0.0,3650.0,0.0,0.0,0.0,0.0,1.0,0.0,174.4542013888889,0.0,0.0,1.0,0,1,0,27595.46,-0.4475798113254761,-0.6451951715461428,0.8319,25,0.000175,0.49914,6.6552,-5.1615613723691425,0,0,0,0,0,0,1,0,0,0,0,1,0,0,1,0,0,0,1,0,0,1,0,0,0,0,1,0
M10179,191,0,1,1,61,-0.5832705115984628,0.2197800925925926,14.0,1.0,2.0,7.0,1.5,2.0,287.6666666666667,1.0,1.0,0.0,0.0,0.0,0.0,3650.0,0.0,0.0,0.0,0.0,0.0,0.0,3650.0,0.0,0.0,0.0,0,1,1,27595.46,-0.4475798113254761,-0.6451951715461428,0.8319,25,0.000175,1.24785,1.6638,-1.2903903430922856,0,0,0,0,1,0,0,0,0,0,0,1,0,1,0,0,0,1,0,0,0,0,1,0,0,0,1,0
M10182,190,1,1,1,60,-0.5819257999219164,0.25930555555555557,74.0,2.0,10.0,29.0,1.0,10.0,435.6363636363636,2.0,3.0,0.0,4.0,1.0,1.0,60.766666666666666,1.0,27.0,0.0108,1.0,0.0,0.0,3650.0,0.0,0.0,0.0,0,0,1,27595.46,-0.4475798113254761,-0.6451951715461428,0.8319,25,0.000175,0.8319,8.318999999999999,-6.451951715461428,0,0,0,0,0,0,1,1,0,0,0,0,0,1,0,0,0,1,0,0,0,1,0,0,0,1,0,0
M10187,187,0,1,1,45,-0.5869189849288943,6.752361111111111,85.0,1.0,8.0,40.0,0.4090909090909091,8.0,459.29411764705884,1.0,1.0,1.0,4.0,1.0,0.0,3650.0,0.0,0.0,0.0,0.0,0.0,0.0,3650.0,0.0,0.0,0.0,0,1,1,27595.46,-0.4475798113254761,-0.6451951715461428,0.8319,25,0.000175,0.3403227272727273,6.6552,-5.1615613723691425,0,0,0,0,0,0,1,0,0,0,1,0,0,0,0,1,0,0,0,1,0,0,0,1,0,1,0,0
M10188,185,1,1,0,39,-0.6041972322810754,0.498599537037037,204.0,10.0,28.0,95.0,0.90625,19.0,415.14285714285717,12.0,4.0,0.0,11.0,1.0,5.0,27.821527777777778,2.0,-769.1999999999999,-0.05278000000000001,0.2,0.0,0.0,3650.0,0.0,0.0,0.0,0,0,1,27595.46,-0.4475798113254761,-0.6451951715461428,0.8319,25,0.000175,0.753909375,23.2932,-18.065464803292,1,0,0,0,0,0,1,0,1,0,0,0,0,1,0,0,0,0,0,1,0,1,0,0,0,0,1,0
M10192,181,1,1,1,29,-0.6191398265586576,0.22318287037037038,581.0,14.0,91.0,301.0,0.8518518518518519,29.0,374.29007633587787,19.0,20.0,13.0,25.0,14.0,13.0,7.856944444444444,7.0,-80.00000000000001,0.02226153846153846,0.6153846153846154,1.0,0.0,166.02866898148147,0.0,0.0,1.0,0,0,0,27595.46,-0.4475798113254761,-0.6451951715461428,0.8319,25,0.000175,0.7086555555555556,75.7029,-58.71276061069899,0,1,0,0,0,0,0,0,0,1,0,0,0,0,0,1,1,0,0,0,0,1,0,0,0,1,0,0
M10196,177,0,1,0,44,-0.6190960877769083,0.6843055555555555,207.0,9.0,35.0,98.0,1.2,22.0,404.6595744680851,12.0,9.0,1.0,9.0,4.0,6.0,4.899305555555555,6.0,-298.84999999999997,-0.023983333333333332,0.16666666666666666,1.0,1.0,19.771273148148147,0.0,0.0,0.0,0,0,0,27595.46,-0.4475798113254761,-0.6451951715461428,0.8319,25,0.000175,0.99828,29.1165,-22.581831004115,0,1,0,0,0,0,0,0,0,0,0,1,0,0,1,0,0,0,0,1,1,0,0,0,0,0,1,0
M10198,175,1,0,1,113,-0.6397700780613518,0.7500231481481482,71.0,1.0,9.0,37.0,0.6666666666666666,7.0,423.9,3.0,3.0,1.0,1.0,1.0,0.0,3650.0,0.0,0.0,0.0,0.0,0.0,0.0,3650.0,0.0,0.0,0.0,0,1,1,27595.46,-0.4475798113254761,-0.6451951715461428,0.8319,25,0.000175,0.5546,7.4871,-5.806756543915285,0,0,0,1,0,0,0,0,1,0,0,0,0,0,1,0,0,0,0,1,0,1,0,0,0,0,1,0
M10206,168,0,0,1,5,-0.687859197718192,0.5368055555555555,201.0,4.0,41.0,101.0,1.6153846153846154,22.0,430.4736842105263,12.0,9.0,4.0,12.0,4.0,7.0,10.85763888888889,5.0,1290.05,0.05242857142857143,0.8571428571428571,0.0,0.0,3650.0,0.0,0.0,0.0,0,0,1,27595.46,-0.4475798113254761,-0.6451951715461428,0.8319,25,0.000175,1.3438384615384615,34.1079,-26.453002033391854,0,1,0,0,0,0,0,0,0,0,0,1,0,0,1,0,0,0,0,1,0,0,0,1,0,1,0,0
M10207,167,0,1,1,78,-0.6824632661172377,4.70050925925926,205.0,3.0,38.0,109.0,1.3448275862068966,23.0,417.1041666666667,12.0,2.0,6.0,12.0,6.0,7.0,6.960416666666666,3.0,-1041.95,-0.014142857142857143,0.7142857142857143,0.0,0.0,3650.0,0.0,0.0,0.0,0,0,1,27595.46,-0.4475798113254761,-0.6451951715461428,0.8319,25,0.000175,1.1187620689655173,31.612199999999998,-24.51741651875343,0,0,0,1,0,0,0,1,0,0,0,0,0,0,1,0,0,0,0,1,0,0,1,0,0,0,1,0
M10208,167,1,1,0,61,-0.6824632661172377,0.048587962962962965,182.0,12.0,34.0,98.0,1.1666666666666667,21.0,463.29787234042556,11.0,10.0,1.0,5.0,7.0,2.0,64.91875,1.0,539.55,0.0256,0.5,1.0,0.0,103.46993055555555,0.0,0.0,0.0,0,0,0,27595.46,-0.4475798113254761,-0.6451951715461428,0.8319,25,0.000175,0.97055,28.284599999999998,-21.936635832568854,1,0,0,0,0,1,0,0,0,0,0,1,0,1,0,0,0,0,0,1,0,1,0,0,0,1,0,0
M10211,160,1,1,1,39,-0.6773998734638318,0.9712962962962963,163.0,6.0,22.0,87.0,0.6571428571428571,17.0,321.975,4.0,5.0,3.0,7.0,3.0,6.0,6.825,4.0,-1208.1,-0.07865000000000001,0.16666666666666666,1.0,0.0,136.02710648148147,0.0,0.0,1.0,0,0,0,27595.46,-0.4475798113254761,-0.6451951715461428,0.8319,25,0.000175,0.5466771428571429,18.3018,-14.194293774015142,0,0,0,0,0,0,1,0,0,0,0,1,0,0,1,0,0,0,0,1,0,0,0,0,1,1,0,0
M10212,158,1,1,0,116,-0.6828075962147663,0.7278703703703704,181.0,10.0,34.0,92.0,1.25,21.0,397.52272727272725,14.0,5.0,2.0,7.0,6.0,5.0,4.810416666666667,2.0,-322.84999999999997,-0.023,0.4,0.0,0.0,3650.0,0.0,0.0,0.0,0,0,1,27595.46,-0.4475798113254761,-0.6451951715461428,0.8319,25,0.000175,1.0398749999999999,28.284599999999998,-21.936635832568854,0,0,0,0,0,0,1,0,0,0,0,1,0,0,0,1,0,0,0,1,0,1,0,0,0,1,0,0
M10213,157,1,1,1,97,-0.6768419642434726,1.4264930555555555,173.0,6.0,31.0,105.0,0.9411764705882353,20.0,303.6818181818182,7.0,9.0,2.0,10.0,3.0,14.0,6.936111111111111,8.0,-867.85,-0.039478571428571425,0.42857142857142855,0.0,0.0,3650.0,0.0,0.0,0.0,0,0,1,27595.46,-0.4475798113254761,-0.6451951715461428,0.8319,25,0.000175,0.7829647058823529,25.788899999999998,-20.001050317930428,0,0,0,0,0,0,1,1,0,0,0,0,0,0,1,0,0,0,1,0,0,1,0,0,0,0,1,0
M10215,155,0,1,1,75,-0.6725256637934769,0.08052083333333333,192.0,11.0,34.0,118.0,0.8536585365853658,17.0,402.0188679245283,8.0,8.0,2.0,8.0,8.0,7.0,48.77638888888889,3.0,-1863.7,-0.05895714285714286,0.2857142857142857,1.0,1.0,45.46278935185185,0.0,0.0,1.0,0,0,0,27595.46,-0.4475798113254761,-0.6451951715461428,0.8319,25,0.000175,0.7101585365853658,28.284599999999998,-21.936635832568854,0,1,0,0,0,0,0,0,1,0,0,0,0,0,0,1,0,1,0,0,0,1,0,0,0,1,0,0
M10217,154,0,0,1,134,-0.6880562640129302,0.21665509259259258,450.0,23.0,95.0,269.0,1.032258064516129,28.0,344.1515151515151,33.0,18.0,6.0,23.0,15.0,22.0,17.920833333333334,12.0,-1049.25,0.0067272727272727284,0.45454545454545453,4.0,3.0,6.816527777777778,0.0,0.0,0.0,0,0,0,27595.46,-0.4475798113254761,-0.6451951715461428,0.8319,25,0.000175,0.8587354838709677,79.0305,-61.29354129688357,0,0,0,0,0,1,0,0,1,0,0,0,0,1,0,0,0,0,0,1,0,1,0,0,0,0,1,0
M10218,150,1,1,1,100,-0.6950649524582195,0.30451388888888886,73.0,3.0,12.0,42.0,0.8666666666666667,9.0,465.25,2.0,2.0,0.0,5.0,3.0,1.0,63.99166666666667,1.0,-31.5,-0.0063,0.0,1.0,1.0,74.51342592592593,0.0,0.0,0.0,0,0,0,27595.46,-0.4475798113254761,-0.6451951715461428,0.8319,25,0.000175,0.72098,9.9828,-7.742342058553714,0,0,1,0,0,0,0,0,1,0,0,0,0,0,0,1,0,0,0,1,0,0,0,1,0,1,0,0
M10222,148,0,1,0,98,-0.705695703708823,3.984826388888889,58.0,4.0,16.0,40.0,1.4166666666666667,16.0,479.5882352941176,5.0,6.0,1.0,2.0,2.0,2.0,24.988194444444446,2.0,-353.7,-0.06405,0.5,0.0,0.0,3650.0,0.0,0.0,0.0,0,0,1,27595.46,-0.4475798113254761,-0.6451951715461428,0.8319,25,0.000175,1.178525,13.3104,-10.323122744738285,0,0,0,0,0,0,1,0,0,0,0,1,0,0,0,1,1,0,0,0,0,0,1,0,0,1,0,0
M10223,147,1,1,0,3,-0.694749198529511,23.096597222222222,6.0,0.0,2.0,4.0,1.5,2.0,412.0,1.0,0.0,0.0,1.0,0.0,0.0,3650.0,0.0,0.0,0.0,0.0,0.0,0.0,3650.0,0.0,0.0,0.0,0,1,1,27595.46,-0.4475798113254761,-0.6451951715461428,0.8319,25,0.000175,1.24785,1.6638,-1.2903903430922856,1,0,0,0,0,1,0,0,0,0,0,1,0,0,1,0,0,0,0,1,0,0,0,0,1,0,1,0
M10224,144,1,1,1,29,-0.6942110388473495,4.421111111111111,58.0,1.0,6.0,42.0,0.3181818181818182,6.0,389.1666666666667,0.0,0.0,1.0,4.0,1.0,0.0,3650.0,0.0,0.0,0.0,0.0,0.0,0.0,3650.0,0.0,0.0,0.0,0,1,1,27595.46,-0.4475798113254761,-0.6451951715461428,0.8319,25,0.000175,0.2646954545454545,4.9914,-3.871171029276857,0,0,0,0,0,0,1,0,0,1,0,0,0,0,1,0,0,1,0,0,0,0,0,1,0,1,0,0
M10226,141,0,1,1,18,-0.690875853577855,0.8704398148148148,156.0,5.0,26.0,105.0,0.8181818181818182,17.0,352.82608695652175,10.0,5.0,0.0,7.0,4.0,3.0,50.77569444444445,1.0,38.3,0.05333333333333334,0.6666666666666666,4.0,2.0,31.192523148148148,0.0,0.0,1.0,0,0,0,27595.46,-0.4475798113254761,-0.6451951715461428,0.8319,25,0.000175,0.6806454545454546,21.6294,-16.77507446019971,1,0,0,0,0,0,1,1,0,0,0,0,0,1,0,0,1,0,0,0,0,1,0,0,0,1,0,0
M10228,140,0,0,1,38,-0.6910119857806298,2.604548611111111,139.0,4.0,30.0,86.0,1.0689655172413792,16.0,420.6666666666667,9.0,4.0,4.0,9.0,4.0,5.0,21.761111111111113,3.0,609.0,-0.039839999999999993,0.2,2.0,0.0,95.35622685185186,0.0,1.0,0.0,0,0,0,27595.46,-0.4475798113254761,-0.6451951715461428,0.8319,25,0.000175,0.8892724137931034,24.957,-19.355855146384286,0,0,0,0,0,0,1,0,1,0,0,0,0,0,0,1,0,0,0,1,0,0,0,1,0,0,1,0
M10229,139,1,1,0,50,-0.6931621044447889,0.2825347222222222,167.0,11.0,46.0,104.0,1.7407407407407407,23.0,407.8139534883721,13.0,8.0,3.0,13.0,9.0,5.0,21.84236111111111,3.0,-243.3,-0.05352,0.2,2.0,2.0,16.487789351851852,0.0,1.0,0.0,0,0,0,27595.46,-0.4475798113254761,-0.6451951715461428,0.8319,25,0.000175,1.448122222222222,38.2674,-29.67897789112257,0,0,0,1,0,0,0,0,0,0,1,0,0,0,1,0,0,0,0,1,0,1,0,0,0,0,1,0
M10232,132,1,0,1,62,-0.696710192983401,26.11425925925926,9.0,0.0,1.0,4.0,0.6666666666666666,1.0,362.0,0.0,1.0,0.0,0.0,0.0,0.0,3650.0,0.0,0.0,0.0,0.0,0.0,0.0,3650.0,0.0,0.0,0.0,0,1,1,27595.46,-0.4475798113254761,-0.6451951715461428,0.8319,25,0.000175,0.5546,0.8319,-0.6451951715461428,0,0,0,1,0,0,0,0,0,0,0,1,0,0,1,0,0,0,0,1,0,1,0,0,0,1,0,0
M10234,127,1,0,0,62,-0.7367001942537195,0.9710069444444445,136.0,9.0,37.0,99.0,1.2666666666666666,23.0,376.30232558139534,7.0,14.0,3.0,7.0,6.0,9.0,13.9,6.0,-658.55,-0.05707777777777778,0.2222222222222222,1.0,0.0,115.92238425925926,0.0,1.0,0.0,0,0,0,27595.46,-0.4475798113254761,-0.6451951715461428,0.8319,25,0.000175,1.05374,30.7803,-23.872221347207283,0,1,0,0,0,0,0,0,0,0,0,0,1,0,1,0,0,0,1,0,1,0,0,0,0,0,1,0
M10235,127,0,0,1,111,-0.7367001942537195,0.1421875,55.0,7.0,19.0,40.0,2.2222222222222223,14.0,419.44444444444446,3.0,3.0,1.0,7.0,5.0,0.0,3650.0,0.0,0.0,0.0,0.0,1.0,1.0,43.35394675925926,0.0,1.0,0.0,0,1,0,27595.46,-0.4475798113254761,-0.6451951715461428,0.8319,25,0.000175,1.8486666666666667,15.806099999999999,-12.258708259376714,0,0,0,1,0,0,0,0,0,1,0,0,0,0,1,0,0,0,0,1,0,1,0,0,0,0,0,1
M10238,121,1,1,0,31,-0.7640213814699457,0.8739814814814815,47.0,4.0,13.0,34.0,0.875,11.0,477.2857142857143,6.0,2.0,1.0,3.0,1.0,1.0,72.81597222222223,1.0,-266.0,-0.266,0.0,1.0,0.0,117.82283564814814,0.0,1.0,0.0,0,0,0,27595.46,-0.4475798113254761,-0.6451951715461428,0.8319,25,0.000175,0.7279125,10.8147,-8.387537230099856,0,1,0,0,0,0,0,0,0,0,0,1,0,0,1,0,0,0,0,1,0,0,1,0,0,0,1,0
M10241,119,1,1,0,71,-0.7757403269870137,2.8636458333333334,56.0,4.0,17.0,47.0,1.0588235294117647,14.0,371.1304347826087,7.0,1.0,2.0,6.0,1.0,1.0,113.86527777777778,0.0,143.0,0.0572,1.0,0.0,0.0,3650.0,0.0,0.0,0.0,0,0,1,27595.46,-0.4475798113254761,-0.6451951715461428,0.8319,25,0.000175,0.880835294117647,14.142299999999999,-10.968317916284427,0,0,0,0,1,0,0,0,0,1,0,0,0,1,0,0,0,0,0,1,0,1,0,0,0,0,1,0
M10242,119,1,1,0,12,-0.7757403269870137,0.20630787037037038,147.0,11.0,47.0,116.0,1.170731707317073,21.0,402.3103448275862,16.0,9.0,3.0,14.0,5.0,3.0,17.752777777777776,3.0,-393.3,-0.1338,0.0,0.0,0.0,3650.0,0.0,0.0,0.0,0,0,1,27595.46,-0.4475798113254761,-0.6451951715461428,0.8319,25,0.000175,0.9739317073170731,39.0993,-30.324173062668713,0,1,0,0,0,0,0,0,1,0,0,0,0,0,1,0,0,0,0,1,1,0,0,0,0,0,1,0
M10248,115,1,1,1,82,-0.7477634546004638,0.36465277777777777,146.0,13.0,43.0,119.0,1.4666666666666666,23.0,417.9491525423729,15.0,8.0,2.0,10.0,8.0,3.0,35.87152777777778,2.0,-23.599999999999998,-0.005999999999999999,0.3333333333333333,0.0,0.0,3650.0,0.0,0.0,0.0,0,0,1,27595.46,-0.4475798113254761,-0.6451951715461428,0.8319,25,0.000175,1.2201199999999999,35.771699999999996,-27.74339237648414,0,0,0,0,1,0,0,0,0,0,0,1,0,1,0,0,0,0,0,1,1,0,0,0,0,1,0,0
M10249,114,1,1,1,43,-0.7531783736161516,0.6516087962962963,126.0,5.0,30.0,90.0,0.7560975609756098,20.0,391.8510638297872,11.0,6.0,3.0,8.0,2.0,6.0,17.8625,4.0,-124.5,-0.011816666666666668,0.3333333333333333,1.0,1.0,9.595706018518518,0.0,0.0,0.0,0,0,0,27595.46,-0.4475798113254761,-0.6451951715461428,0.8319,25,0.000175,0.6289975609756098,24.957,-19.355855146384286,0,0,0,0,1,0,0,0,1,0,0,0,0,0,1,0,0,0,0,1,0,1,0,0,0,0,1,0
M10251,112,0,1,1,59,-0.7644055152522156,0.6826967592592592,117.0,7.0,30.0,89.0,1.0,20.0,436.29545454545456,9.0,3.0,0.0,10.0,8.0,7.0,6.785416666666666,6.0,-767.4499999999999,-0.052599999999999994,0.42857142857142855,0.0,0.0,3650.0,0.0,0.0,0.0,0,0,1,27595.46,-0.4475798113254761,-0.6451951715461428,0.8319,25,0.000175,0.8319,24.957,-19.355855146384286,0,0,0,0,0,0,1,0,1,0,0,0,0,0,1,0,0,0,1,0,0,1,0,0,0,1,0,0
M10253,110,1,1,1,64,-0.7673942495961814,5.028032407407407,8.0,1.0,2.0,6.0,1.0,2.0,349.3333333333333,1.0,1.0,0.0,0.0,0.0,0.0,3650.0,0.0,0.0,0.0,0.0,0.0,0.0,3650.0,0.0,0.0,0.0,0,1,1,27595.46,-0.4475798113254761,-0.6451951715461428,0.8319,25,0.000175,0.8319,1.6638,-1.2903903430922856,0,0,0,0,0,0,1,0,0,0,0,1,0,0,1,0,0,0,0,1,0,0,0,1,0,0,1,0
M10254,110,1,1,0,18,-0.7673942495961814,1.6865625,41.0,3.0,13.0,33.0,1.2727272727272727,11.0,438.3333333333333,2.0,5.0,2.0,2.0,2.0,0.0,3650.0,0.0,0.0,0.0,0.0,0.0,0.0,3650.0,0.0,0.0,0.0,0,1,1,27595.46,-0.4475798113254761,-0.6451951715461428,0.8319,25,0.000175,1.058781818181818,10.8147,-8.387537230099856,0,0,0,0,1,0,0,0,0,1,0,0,0,0,1,0,0,0,0,1,0,1,0,0,0,1,0,0
M10255,100,0,1,0,102,-0.7108461332038774,21.070833333333333,9.0,0.0,3.0,9.0,1.3333333333333333,3.0,595.2,1.0,0.0,0.0,2.0,0.0,0.0,3650.0,0.0,0.0,0.0,0.0,0.0,0.0,3650.0,0.0,0.0,0.0,0,1,1,27595.46,-0.4475798113254761,-0.6451951715461428,0.8319,25,0.000175,1.1092,2.4957,-1.9355855146384284,0,0,0,0,1,0,0,0,0,0,0,1,0,0,0,1,0,0,0,1,0,0,0,1,0,0,1,0
M10256,98,0,0,0,183,-0.6869184347339912,0.7643865740740741,90.0,7.0,31.0,85.0,1.032258064516129,20.0,379.56756756756755,6.0,6.0,6.0,7.0,6.0,3.0,19.90972222222222,3.0,76.7,-0.011533333333333331,0.6666666666666666,0.0,0.0,3650.0,0.0,0.0,0.0,0,0,1,27595.46,-0.4475798113254761,-0.6451951715461428,0.8319,25,0.000175,0.8587354838709677,25.788899999999998,-20.001050317930428,1,1,0,0,0,0,0,0,1,0,0,0,0,1,0,0,0,0,0,1,0,0,1,0,0,0,1,0
M10259,60,0,1,1,95,-0.5317830767387873,3.034236111111111,63.0,6.0,30.0,63.0,0.9117647058823529,15.0,387.22222222222223,12.0,6.0,3.0,4.0,5.0,1.0,56.93125,1.0,-101.9,-0.1019,0.0,0.0,0.0,3650.0,0.0,0.0,0.0,0,0,1,27595.46,-0.4475798113254761,-0.6451951715461428,0.8319,25,0.000175,0.7584970588235294,24.957,-19.355855146384286,0,0,0,0,0,1,0,1,0,0,0,0,0,1,0,0,0,0,0,1,0,0,0,1,0,0,1,0
M10260,54,0,0,0,102,-0.5845541321684482,0.7474074074074074,52.0,9.0,26.0,52.0,1.0,19.0,330.2608695652174,6.0,6.0,2.0,5.0,7.0,2.0,22.795833333333334,2.0,-71.2,-0.0356,0.5,1.0,1.0,0.18915509259259258,1.0,0.0,1.0,0,0,0,27595.46,-0.4475798113254761,-0.6451951715461428,0.8319,25,0.000175,0.8319,21.6294,-16.77507446019971,0,0,0,0,0,0,1,1,0,0,0,0,0,0,1,0,0,1,0,0,0,0,0,1,0,0,1,0
M10261,44,0,1,1,85,-0.5751523621873893,1.3142592592592592,42.0,5.0,35.0,42.0,4.5,20.0,320.7391304347826,14.0,9.0,0.0,5.0,7.0,1.0,10.786805555555556,1.0,-141.9,-0.1419,0.0,1.0,1.0,5.378125,1.0,0.0,0.0,0,0,0,27595.46,-0.4475798113254761,-0.6451951715461428,0.8319,25,0.000175,3.74355,29.1165,-22.581831004115,0,0,0,1,0,0,0,0,0,0,0,1,0,0,0,1,0,1,0,0,0,1,0,0,0,1,0,0
M10262,41,1,1,0,120,-0.5352824145848328,0.5881944444444445,139.0,22.0,97.0,139.0,2.2790697674418605,29.0,373.33870967741933,24.0,24.0,7.0,29.0,13.0,1.0,6.9847222222222225,1.0,-121.8,-0.1218,0.0,1.0,1.0,15.082835648148148,0.0,0.0,1.0,0,0,0,27595.46,-0.4475798113254761,-0.6451951715461428,0.8319,25,0.000175,1.8959581395348837,80.6943,-62.58393163997585,1,0,0,0,0,1,0,0,0,1,0,0,0,0,1,0,0,0,0,1,0,1,0,0,0,0,1,0
M10263,35,1,1,0,113,-0.48749885782588,1.4119791666666666,34.0,7.0,30.0,34.0,6.2,20.0,226.0,7.0,8.0,5.0,8.0,2.0,0.0,3650.0,0.0,0.0,0.0,0.0,0.0,0.0,3650.0,0.0,0.0,0.0,0,1,1,27595.46,-0.4475798113254761,-0.6451951715461428,0.8319,25,0.000175,5.15778,24.957,-19.355855146384286,1,0,0,0,0,1,0,1,0,0,0,0,0,1,0,0,0,1,0,0,0,1,0,0,0,1,0,0
M10264,12,1,1,1,70,-0.1378035368368431,0.11813657407407407,31.0,17.0,31.0,31.0,32.0,11.0,413.7857142857143,13.0,8.0,2.0,7.0,1.0,0.0,3650.0,0.0,0.0,0.0,0.0,0.0,0.0,3650.0,0.0,0.0,0.0,0,1,1,27595.46,-0.4475798113254761,-0.6451951715461428,0.8319,25,0.000175,26.6208,25.788899999999998,-20.001050317930428,1,0,0,0,0,1,0,0,0,0,0,0,1,0,1,0,0,0,0,1,0,0,0,0,1,1,0,0
M10265,2,0,1,1,100,0.009547278913928814,0.6839236111111111,2.0,2.0,2.0,2.0,3.0,2.0,426.0,1.0,1.0,0.0,0.0,0.0,0.0,3650.0,0.0,0.0,0.0,0.0,0.0,0.0,3650.0,0.0,0.0,0.0,0,1,1,27595.46,-0.4475798113254761,-0.6451951715461428,0.8319,25,0.000175,2.4957,1.6638,-1.2903903430922856,0,0,0,0,0,0,1,0,0,0,1,0,0,1,0,0,0,0,0,1,0,0,1,0,0,0,1,0
M10266,1,0,1,1,81,-0.012637104117730225,3650.0,0.0,0.0,0.0,0.0,0.0,0.0,0.0,0.0,0.0,0.0,0.0,0.0,0.0,3650.0,0.0,0.0,0.0,0.0,0.0,0.0,3650.0,0.0,0.0,0.0,1,1,1,27595.46,-0.4475798113254761,-0.6451951715461428,0.8319,25,0.000175,0.0,0.0,-0.0,0,0,0,0,0,0,1,0,1,0,0,0,0,1,0,0,0,0,0,1,0,1,0,0,0,1,0,0
